{
  "easter_dates": [
    { "year": 2024, "date": "2024-03-31" },
    { "year": 2025, "date": "2025-04-20" },
    { "year": 2026, "date": "2026-04-05" },
    { "year": 2027, "date": "2027-03-28" },
    { "year": 2028, "date": "2028-04-16" },
    { "year": 2030, "date": "2030-04-21" }
  ],
  "holidays_by_year": [
    {
      "year": 2022,
      "note": "Christmas (Dec 25) falls on Sunday — tests Sunday substitution rule",
      "expected_dates": [
        { "date": "2022-01-01", "name": "New Year's Day" },
        { "date": "2022-03-02", "name": "Ash Wednesday" },
        { "date": "2022-04-15", "name": "Good Friday" },
        { "date": "2022-04-18", "name": "Easter Monday" },
        { "date": "2022-05-23", "name": "Labour Day" },
        { "date": "2022-08-01", "name": "Emancipation Day" },
        { "date": "2022-08-06", "name": "Independence Day" },
        { "date": "2022-10-17", "name": "National Heroes Day" },
        { "date": "2022-12-26", "name": "Christmas Day" },
        { "date": "2022-12-27", "name": "Boxing Day" }
      ]
    },
    {
      "year": 2025,
      "expected_dates": [
        { "date": "2025-01-01", "name": "New Year's Day" },
        { "date": "2025-03-05", "name": "Ash Wednesday" },
        { "date": "2025-04-18", "name": "Good Friday" },
        { "date": "2025-04-21", "name": "Easter Monday" },
        { "date": "2025-05-23", "name": "Labour Day" },
        { "date": "2025-08-01", "name": "Emancipation Day" },
        { "date": "2025-08-06", "name": "Independence Day" },
        { "date": "2025-10-20", "name": "National Heroes Day" },
        { "date": "2025-12-25", "name": "Christmas Day" },
        { "date": "2025-12-26", "name": "Boxing Day" }
      ]
    },
    {
      "year": 2026,
      "expected_dates": [
        { "date": "2026-01-01", "name": "New Year's Day" },
        { "date": "2026-02-18", "name": "Ash Wednesday" },
        { "date": "2026-04-03", "name": "Good Friday" },
        { "date": "2026-04-06", "name": "Easter Monday" },
        { "date": "2026-05-23", "name": "Labour Day" },
        { "date": "2026-08-01", "name": "Emancipation Day" },
        { "date": "2026-08-06", "name": "Independence Day" },
        { "date": "2026-10-19", "name": "National Heroes Day" },
        { "date": "2026-12-25", "name": "Christmas Day" },
        { "date": "2026-12-26", "name": "Boxing Day" }
      ]
    }
  ],
  "working_days": [
    { "from": "2025-01-01", "to": "2025-01-06", "expected": 2, "note": "Wed holiday, Thu-Fri = 2 working days" },
    { "from": "2025-01-06", "to": "2025-01-13", "expected": 5, "note": "Full work week Mon-Fri" },
    { "from": "2025-12-24", "to": "2025-12-31", "expected": 3, "note": "Wed, Thu-Christmas, Fri-Boxing = 3 working days (Wed + Mon + Tue)" },
    { "from": "2022-12-23", "to": "2022-12-28", "expected": 1, "note": "Fri only — Sat/Sun weekend, Mon=Christmas observed, Tue=Boxing Day observed" }
  ]
}
